frame,time_sec,video_width,video_height,fps,l0_x,l0_y,l0_z,l0_v,l0_vx,l0_vy,l0_vz,l1_x,l1_y,l1_z,l1_v,l1_vx,l1_vy,l1_vz,l2_x,l2_y,l2_z,l2_v,l2_vx,l2_vy,l2_vz,l3_x,l3_y,l3_z,l3_v,l3_vx,l3_vy,l3_vz,l4_x,l4_y,l4_z,l4_v,l4_vx,l4_vy,l4_vz,l5_x,l5_y,l5_z,l5_v,l5_vx,l5_vy,l5_vz,l6_x,l6_y,l6_z,l6_v,l6_vx,l6_vy,l6_vz,l9_x,l9_y,l9_z,l9_v,l9_vx,l9_vy,l9_vz,l10_x,l10_y,l10_z,l10_v,l10_vx,l10_vy,l10_vz,l11_x,l11_y,l11_z,l11_v,l11_vx,l11_vy,l11_vz,l12_x,l12_y,l12_z,l12_v,l12_vx,l12_vy,l12_vz,l13_x,l13_y,l13_z,l13_v,l13_vx,l13_vy,l13_vz,l14_x,l14_y,l14_z,l14_v,l14_vx,l14_vy,l14_vz,l15_x,l15_y,l15_z,l15_v,l15_vx,l15_vy,l15_vz,l16_x,l16_y,l16_z,l16_v,l16_vx,l16_vy,l16_vz,l17_x,l17_y,l17_z,l17_v,l17_vx,l17_vy,l17_vz,l18_x,l18_y,l18_z,l18_v,l18_vx,l18_vy,l18_vz,l19_x,l19_y,l19_z,l19_v,l19_vx,l19_vy,l19_vz,l20_x,l20_y,l20_z,l20_v,l20_vx,l20_vy,l20_vz,l21_x,l21_y,l21_z,l21_v,l21_vx,l21_vy,l21_vz,l22_x,l22_y,l22_z,l22_v,l22_vx,l22_vy,l22_vz
0,0.000000,852,480,30.000000,0.555862,0.559722,-0.611023,0.658269,0.000000,0.000000,0.000000,0.558635,0.512250,-0.621904,0.688826,0.000000,0.000000,0.000000,0.561246,0.509873,-0.622070,0.661100,0.000000,0.000000,0.000000,0.564636,0.507657,-0.622366,0.703096,0.000000,0.000000,0.000000,0.541428,0.512982,-0.637099,0.742686,0.000000,0.000000,0.000000,0.533662,0.510103,-0.637231,0.727623,0.000000,0.000000,0.000000,0.528713,0.507161,-0.637932,0.740757,0.000000,0.000000,0.000000,0.529871,0.605803,-0.588556,0.833643,0.000000,0.000000,0.000000,0.514842,0.597283,-0.607876,0.808280,0.000000,0.000000,0.000000,0.431600,0.733646,-0.417849,0.905276,0.000000,0.000000,0.000000,0.414793,0.730355,-0.606790,0.986063,0.000000,0.000000,0.000000,,,,0.117138,0.000000,0.000000,0.000000,,,,0.303684,0.000000,0.000000,0.000000,,,,0.197188,0.000000,0.000000,0.000000,,,,0.224920,0.000000,0.000000,0.000000,,,,0.191736,0.000000,0.000000,0.000000,,,,0.270602,0.000000,0.000000,0.000000,,,,0.204004,0.000000,0.000000,0.000000,,,,0.276863,0.000000,0.000000,0.000000,,,,0.194172,0.000000,0.000000,0.000000,,,,0.270990,0.000000,0.000000,0.000000
1,0.033333,852,480,30.000000,0.529570,0.610268,-0.972119,0.638903,-0.788757,1.516362,-10.832879,0.552498,0.550928,-1.024645,0.662254,-0.184091,1.160311,-12.082239,0.558327,0.548023,-1.024794,0.648534,-0.087563,1.144477,-12.081721,0.563647,0.545320,-1.025216,0.684596,-0.029655,1.129884,-12.085492,0.532359,0.553385,-1.046085,0.715368,-0.272071,1.212097,-12.269563,0.524766,0.551712,-1.046381,0.706039,-0.266894,1.248275,-12.274491,0.518038,0.550021,-1.046966,0.710551,-0.320247,1.285801,-12.271031,0.521789,0.641883,-0.959192,0.815489,-0.242456,1.082379,-11.119085,0.499384,0.643325,-0.987733,0.782678,-0.463724,1.381261,-11.395699,0.528296,0.727819,-0.858805,0.913605,2.900881,-0.174834,-13.228690,0.401164,0.567506,-0.997125,0.985701,-0.408882,-4.885488,-11.710056,,,,0.137592,,,,,,,0.340487,,,,,,,0.248433,,,,,,,0.256878,,,,,,,0.236858,,,,,,,0.298388,,,,,,,0.249395,,,,,,,0.303741,,,,,,,0.237139,,,,,,,0.292743,,,
2,0.066667,852,480,30.000000,0.523240,0.674393,-1.060866,0.602673,-0.189902,1.923777,-2.662438,0.548037,0.607346,-1.112273,0.614318,-0.133837,1.692565,-2.628840,0.554878,0.606982,-1.112395,0.609168,-0.103455,1.768776,-2.628036,0.561113,0.606704,-1.112710,0.642514,-0.076014,1.841505,-2.624820,0.527704,0.603989,-1.126240,0.670510,-0.139672,1.518105,-2.404668,0.517484,0.551447,-1.126552,0.668532,-0.218459,-0.007950,-2.405130,0.511869,0.599746,-1.127184,0.667708,-0.185074,1.491766,-2.406528,0.523939,0.680329,-1.052347,0.767613,0.064512,1.153402,-2.794636,0.500651,0.663875,-1.070373,0.733928,0.038019,0.616488,-2.479189,0.519024,0.797844,-0.938674,0.914390,-0.278170,2.100776,-2.396057,0.370370,0.594400,-1.043930,0.985096,-0.923819,0.806835,-1.404131,,,,0.131065,,,,,,,0.343887,,,,,,,0.235653,,,,,,,0.245718,,,,,,,0.225048,,,,,,,0.286222,,,,,,,0.236344,,,,,,,0.289999,,,,,,,0.225692,,,,,,,0.278215,,,
3,0.100000,852,480,30.000000,0.515384,0.670093,-1.129037,0.558509,-0.235679,-0.129027,-2.045113,0.525740,0.603293,-1.181884,0.565357,-0.668898,-0.121615,-2.088321,0.515661,0.589199,-1.181968,0.565367,-1.176531,-0.533477,-2.087188,0.521370,0.590202,-1.182324,0.596537,-1.192303,-0.495043,-2.088414,0.512954,0.565840,-1.185254,0.621005,-0.442493,-1.144466,-1.770397,0.494694,0.524160,-1.185575,0.624082,-0.683701,-0.818633,-1.770691,0.489144,0.536422,-1.186362,0.620905,-0.681758,-1.899730,-1.775329,0.508061,0.671320,-1.126658,0.712559,-0.476351,-0.270272,-2.229327,0.486712,0.661943,-1.131971,0.677382,-0.418189,-0.057950,-1.847942,0.510077,0.928222,-1.033958,0.913383,-0.268423,3.911324,-2.858520,0.377474,0.560876,-1.083548,0.983428,0.213110,-1.005723,-1.188548,,,,0.126406,,,,,,,0.324355,,,,,,,0.218640,,,,,,,0.229849,,,,,,,0.208846,,,,,,,0.269515,,,,,,,0.219147,,,,,,,0.272784,,,,,,,0.209885,,,,,,,0.261227,,,
4,0.133333,852,480,30.000000,0.496339,0.587727,-0.885215,0.589211,-0.571345,-2.470958,7.314661,0.492566,0.521768,-1.035969,0.596489,-0.995225,-2.445744,4.377447,0.495796,0.528892,-1.035669,0.597217,-0.595939,-1.809213,4.388974,0.502301,0.542747,-1.036405,0.625984,-0.572081,-1.423658,4.377555,0.490811,0.510249,-0.904501,0.648105,-0.664287,-1.667722,8.422596,0.470207,0.478691,-0.904937,0.651262,-0.734608,-1.364074,8.419145,0.464531,0.475818,-0.906111,0.647823,-0.738383,-1.818128,8.407534,0.486782,0.655288,-1.071061,0.736615,-0.638357,-0.480984,1.667891,0.473530,0.640122,-0.856821,0.702995,-0.395444,-0.654647,8.254504,0.492937,0.994177,-0.815038,0.920655,-0.514182,1.978666,6.567587,0.381473,0.579557,-0.697562,0.984054,0.119988,0.560437,11.579586,,,,0.159274,,,,,,,0.316171,,,,,,,0.242653,,,,,,,0.220244,,,,,,,0.221685,,,,,,,0.259852,,,,,,,0.230570,,,,,,,0.263783,,,,,,,0.221885,,,,,,,0.254205,,,
5,0.166667,852,480,30.000000,0.503271,0.593155,-0.932251,0.539755,0.207972,0.162828,-1.411076,0.504245,0.521925,-0.978619,0.545864,0.350350,0.004728,1.720498,0.506890,0.527078,-0.978706,0.549653,0.332808,-0.054435,1.708878,0.512692,0.542758,-0.979219,0.575542,0.311755,0.000315,1.715596,0.495924,0.513992,-0.962738,0.595478,0.153383,0.112288,-1.747110,0.480321,0.496863,-0.963016,0.602730,0.303428,0.545175,-1.742379,0.474781,0.490419,-0.963807,0.598029,0.307489,0.438024,-1.730897,0.492161,0.664348,-0.953727,0.674993,0.161352,0.271826,3.520036,0.478085,0.652235,-0.928678,0.643843,0.136625,0.363411,-2.155713,0.485126,0.943935,-0.836894,0.904922,-0.234350,-1.507266,-0.655671,0.378407,0.720225,-0.890538,0.979771,-0.091996,4.220018,-5.789305,,,,0.148086,,,,,,,0.296433,,,,,,,0.221725,,,,,,,0.202344,,,,,,,0.202864,,,,,,,0.239467,,,,,,,0.211053,,,,,,,0.243120,,,,,,,0.203260,,,,,,,0.234128,,,
6,0.200000,852,480,30.000000,0.345307,0.496693,-1.081485,0.529494,-4.738926,-2.893855,-4.477025,0.377596,0.467751,-1.188338,0.541932,-3.799465,-1.625234,-6.291575,0.384683,0.486666,-1.188475,0.557116,-3.666196,-1.212360,-6.293056,0.391635,0.509061,-1.189065,0.571948,-3.631727,-1.010894,-6.295390,0.370803,0.423614,-1.145279,0.582236,-3.753623,-2.711342,-5.476248,0.370627,0.412709,-1.145659,0.599313,-3.290837,-2.524627,-5.479288,0.370984,0.401478,-1.146451,0.589689,-3.113911,-2.668223,-5.479302,0.361022,0.601806,-1.117793,0.680647,-3.934157,-1.876262,-4.921973,0.356515,0.474760,-1.061764,0.645426,-3.647085,-5.324271,-3.992588,0.421565,1.037992,-1.149755,0.913296,-1.906819,2.821702,-9.385834,0.396720,0.495197,-0.970280,0.980416,0.549408,-6.750824,-2.392246,,,,0.169329,,,,,,,0.273881,,,,,,,0.224133,,,,,,,0.189459,,,,,,,0.200532,,,,,,,0.226220,,,,,,,0.207709,,,,,,,0.230129,,,,,,,0.199391,,,,,,,0.222403,,,
7,0.233333,852,480,30.000000,0.327246,0.456788,-0.639329,0.571339,-0.541840,-1.197152,13.264677,0.367195,0.424487,-0.759657,0.583669,-0.312011,-1.297921,12.860439,0.375928,0.443344,-0.759965,0.598221,-0.262654,-1.299653,12.855311,0.384273,0.463447,-0.760815,0.611120,-0.220856,-1.368424,12.847508,0.356845,0.383595,-0.690320,0.616078,-0.418729,-1.200554,13.648767,0.356884,0.376408,-0.690148,0.630968,-0.412276,-1.089023,13.665342,0.356899,0.368229,-0.690733,0.620648,-0.422553,-0.997469,13.671522,0.347179,0.563483,-0.706217,0.711999,-0.415297,-1.149695,12.347286,0.326527,0.403228,-0.616992,0.679505,-0.899651,-2.145946,13.343166,0.426387,1.014972,-0.920254,0.921884,0.144671,-0.690597,6.885023,0.423492,0.518929,-0.503123,0.981158,0.803147,0.711943,14.014714,,,,0.222403,,,,,,,0.254512,,,,,,,0.248645,,,,,,,0.182402,,,,,,,0.217955,,,,,,,0.218496,,,,,,,0.226063,,,,,,,0.222650,,,,,,,0.214993,,,,,,,0.217277,,,
8,0.266667,852,480,30.000000,0.362200,0.474413,-0.713447,0.586180,1.048641,0.528755,-2.223532,0.403143,0.441415,-0.807909,0.603751,1.078417,0.507851,-1.447558,0.410638,0.457210,-0.808131,0.621348,1.041310,0.415977,-1.444981,0.417918,0.473767,-0.808707,0.629282,1.009362,0.309612,-1.436774,0.394170,0.411198,-0.758209,0.620232,1.119733,0.828069,-2.036666,0.393599,0.403530,-0.758422,0.637035,1.101440,0.813662,-2.048212,0.393472,0.398992,-0.759183,0.626301,1.097209,0.922898,-2.053485,0.388749,0.570263,-0.755051,0.734130,1.247093,0.203385,-1.465028,0.373867,0.463092,-0.694773,0.699591,1.420215,1.795921,-2.333445,0.405223,1.080703,-1.023926,0.929172,-0.634939,1.971939,-3.110164,0.430142,0.547930,-0.551989,0.981052,0.199504,0.870048,-1.465986,,,,0.263990,,,,,,,0.240012,,,,,,,0.269825,,,,,,,0.172963,,,,,,,0.229932,,,,,,,0.206885,,,,,,,0.236708,,,,,,,0.211129,,,,,,,0.223569,,,,,,,0.207334,,,
9,0.300000,852,480,30.000000,0.344190,0.454627,-0.469725,0.620987,-0.540299,-0.593581,7.311659,0.386156,0.420342,-0.580907,0.638352,-0.509598,-0.632201,6.810050,0.393504,0.436735,-0.581242,0.655365,-0.514040,-0.614260,6.806654,0.400436,0.453499,-0.582123,0.661701,-0.524465,-0.608051,6.797537,0.379175,0.390443,-0.509948,0.647209,-0.449853,-0.622649,7.447833,0.380467,0.385847,-0.509799,0.662351,-0.393949,-0.530492,7.458673,0.381757,0.381472,-0.510465,0.650480,-0.351463,-0.525611,7.461528,0.363540,0.554043,-0.546047,0.760057,-0.756268,-0.486583,6.270127,0.350139,0.488377,-0.453731,0.728206,-0.711833,0.758557,7.231258,0.405837,1.058828,-0.907251,0.936187,0.018436,-0.656265,3.500245,0.453006,0.546390,-0.348784,0.982275,0.685914,-0.046198,6.096164,,,,0.305998,,,,,,,0.234699,,,,,,,0.271155,,,,,,,0.179685,,,,,,,0.229335,,,,,,,0.209412,,,,,,,0.236820,,,,,,,0.212867,,,,,,,0.223968,,,,,,,0.212719,,,
10,0.333333,852,480,30.000000,0.311331,0.395429,-0.636831,0.652982,-0.985780,-1.775944,-5.013195,0.372913,0.387793,-0.815291,0.669777,-0.397291,-0.976462,-7.031525,0.381251,0.405147,-0.815538,0.686159,-0.367572,-0.947617,-7.028874,0.389134,0.422721,-0.816415,0.690818,-0.339071,-0.923351,-7.028779,0.363969,0.355854,-0.698968,0.673349,-0.456175,-1.037661,-5.670598,0.364990,0.352274,-0.698963,0.687996,-0.464321,-1.007194,-5.674912,0.365953,0.347977,-0.700024,0.676059,-0.474132,-1.004835,-5.686759,0.353524,0.529575,-0.756946,0.783047,-0.300482,-0.734060,-6.326970,0.338239,0.486780,-0.560343,0.753485,-0.357014,-0.047925,-3.198349,0.411257,1.040045,-0.992237,0.942385,0.162584,-0.563500,-2.549581,0.445779,0.548019,-0.531984,0.983223,-0.216807,0.048875,-5.496000,,,,0.341458,,,,,,,0.226839,,,,,,,0.268748,,,,,,,0.172324,,,,,,,0.223318,,,,,,,0.197963,,,,,,,0.230008,,,,,,,0.201088,,,,,,,0.216778,,,,,,,0.202595,,,
11,0.366667,852,480,30.000000,0.336859,0.406828,-1.037429,0.630322,0.765852,0.341958,-12.017941,0.385206,0.389490,-1.151084,0.650461,0.368793,0.050895,-10.073787,0.394321,0.416525,-1.151166,0.670101,0.392100,0.341344,-10.068832,0.402981,0.441044,-1.151903,0.671724,0.415404,0.549706,-10.064633,0.373512,0.377353,-1.098051,0.643447,0.286288,0.644976,-11.972483,0.373496,0.371826,-1.098279,0.659982,0.255181,0.586563,-11.979491,0.373593,0.369617,-1.099162,0.649908,0.229214,0.649201,-11.974157,0.362210,0.537370,-1.075700,0.770137,0.260578,0.233864,-9.562628,0.344601,0.500651,-1.000938,0.732671,0.190847,0.416128,-13.217862,0.443231,1.056285,-1.116885,0.946579,0.959224,0.487200,-3.739414,0.442796,0.509275,-0.849343,0.980670,-0.089486,-1.162333,-9.520791,,,,0.366482,,,,,,,0.212682,,,,,,,0.283505,,,,,,,0.160015,,,,,,,0.228892,,,,,,,0.184277,,,,,,,0.233602,,,,,,,0.187417,,,,,,,0.220774,,,,,,,0.189016,,,
12,0.400000,852,480,30.000000,0.342883,0.416915,-0.904639,0.642979,0.180715,0.302618,3.983703,0.389367,0.394303,-1.076660,0.668204,0.124843,0.144390,2.232707,0.397380,0.415176,-1.076373,0.688742,0.091776,-0.040494,2.243786,0.405001,0.435367,-1.075478,0.689227,0.060605,-0.170323,2.292756,0.381209,0.373235,-0.935870,0.650421,0.230903,-0.123545,4.865434,0.381993,0.369782,-0.936847,0.667488,0.254912,-0.061326,4.842972,0.382793,0.367235,-0.938027,0.659615,0.276004,-0.071475,4.834054,0.358882,0.528557,-0.990608,0.789016,-0.099833,-0.264400,2.552755,0.345803,0.496713,-0.837128,0.752273,0.036086,-0.118127,4.914299,0.439019,0.955330,-1.060566,0.951504,-0.126355,-3.028622,1.689548,0.435468,0.511765,-0.590280,0.981087,-0.219835,0.074708,7.771908,,,,0.408880,,,,,,,0.210412,,,,,,,0.293889,,,,,,,0.155006,,,,,,,0.231966,,,,,,,0.174819,,,,,,,0.236144,,,,,,,0.178225,,,,,,,0.221774,,,,,,,0.180815,,,
13,0.433333,852,480,30.000000,0.378860,0.432961,-0.713446,0.649219,1.079291,0.481386,5.735807,0.413567,0.398602,-0.812338,0.674383,0.725993,0.128997,7.929676,0.417775,0.417010,-0.812493,0.698715,0.611840,0.055028,7.916395,0.421750,0.437247,-0.812948,0.699263,0.502484,0.056397,7.875899,0.403971,0.381392,-0.699186,0.639762,0.682875,0.244692,7.100515,0.402579,0.376253,-0.699368,0.656145,0.617581,0.194135,7.124351,0.400538,0.375093,-0.700217,0.647882,0.532358,0.235734,7.134302,0.374400,0.536615,-0.787194,0.803053,0.465533,0.241751,6.102421,0.349863,0.495437,-0.640100,0.762742,0.121783,-0.038289,5.910843,0.344125,1.074250,-1.027461,0.955952,-2.846833,3.567581,0.993147,0.422425,0.519334,-0.330809,0.977880,-0.391289,0.227060,7.784110,,,,0.434693,,,,,,,0.199190,,,,,,,0.282321,,,,,,,0.147035,,,,,,,0.225974,,,,,,,0.164722,,,,,,,0.233833,,,,,,,0.169432,,,,,,,0.219290,,,,,,,0.173307,,,
14,0.466667,852,480,30.000000,0.461649,0.447487,-0.606188,0.664167,2.483688,0.435787,3.217741,0.467577,0.421917,-0.689701,0.690474,1.620306,0.699447,3.679098,0.467016,0.421956,-0.690009,0.713983,1.477214,0.148375,3.674524,0.474731,0.441523,-0.690821,0.713454,1.589416,0.128294,3.663799,0.457339,0.432063,-0.605809,0.653911,1.601036,1.520147,2.801308,0.450933,0.432906,-0.606111,0.671090,1.450623,1.699584,2.797726,0.444589,0.432927,-0.607189,0.664904,1.321523,1.735023,2.790830,0.457615,0.561948,-0.656287,0.814426,2.496454,0.759975,3.927221,0.446361,0.564450,-0.544957,0.776063,2.894953,2.070407,2.854312,0.353021,1.064904,-0.852319,0.958437,0.266898,-0.280373,5.254270,0.419241,0.594515,-0.289052,0.977128,-0.095540,2.255425,1.252708,,,,0.442844,,,,,,,0.192691,,,,,,,0.266232,,,,,,,0.136684,,,,,,,0.211760,,,,,,,0.152356,,,,,,,0.219126,,,,,,,0.157068,,,,,,,0.205163,,,,,,,0.161064,,,
15,0.500000,852,480,30.000000,0.451224,0.451474,-0.409896,0.665367,-0.312759,0.119613,5.888752,0.465870,0.428881,-0.497122,0.696596,-0.051210,0.208917,5.777371,0.466527,0.425306,-0.497615,0.721075,-0.014664,0.100517,5.771821,0.471779,0.444504,-0.498629,0.718582,-0.088543,0.089418,5.765751,0.455047,0.437374,-0.399669,0.657352,-0.068758,0.159329,6.184193,0.449089,0.437821,-0.399993,0.676187,-0.055315,0.147445,6.183526,0.443512,0.437296,-0.400978,0.672640,-0.032309,0.131077,6.186339,0.448771,0.565601,-0.469892,0.822753,-0.265304,0.109613,5.591841,0.436552,0.564713,-0.339331,0.784447,-0.294286,0.007887,6.168759,0.369826,1.108739,-0.760145,0.961410,0.504135,1.315058,2.765227,0.416874,0.629913,-0.049974,0.977235,-0.070991,1.061958,7.172356,,,,0.458936,,,,,,,0.194608,,,,,,,0.251058,,,,,,,0.136317,,,,,,,0.198729,,,,,,,0.147757,,,,,,,0.206174,,,,,,,0.153162,,,,,,,0.192851,,,,,,,0.157904,,,
16,0.533333,852,480,30.000000,0.493570,0.524862,-0.328751,0.683168,1.270387,2.201628,2.434359,0.482659,0.448342,-0.401734,0.714399,0.503659,0.583816,2.861650,0.489439,0.445893,-0.402045,0.737383,0.687370,0.617591,2.867090,0.490454,0.451003,-0.402991,0.734724,0.560229,0.194990,2.869164,0.470294,0.457994,-0.330348,0.676205,0.457413,0.618608,2.079635,0.462068,0.456725,-0.330477,0.693423,0.389375,0.567121,2.085496,0.454283,0.454582,-0.331452,0.691324,0.323111,0.518580,2.085789,0.475690,0.600132,-0.381307,0.835000,0.807563,1.035928,2.657543,0.464184,0.602315,-0.283546,0.798927,0.828975,1.128062,1.673567,0.370776,1.086716,-0.629696,0.964406,0.028499,-0.660703,3.913457,0.413657,0.664618,-0.130476,0.977255,-0.096528,1.041144,-2.415068,,,,0.475545,,,,,,,0.192361,,,,,,,0.234898,,,,,,,0.126789,,,,,,,0.185017,,,,,,,0.136958,,,,,,,0.192332,,,,,,,0.142447,,,,,,,0.180102,,,,,,,0.148008,,,
17,0.566667,852,480,30.000000,0.489221,0.546845,-0.406882,0.668608,-0.130464,0.659484,-2.343941,0.492263,0.481290,-0.476168,0.706168,0.288130,0.988443,-2.233020,0.495818,0.478944,-0.476534,0.728441,0.191377,0.991539,-2.234653,0.497338,0.480454,-0.477543,0.726620,0.206535,0.883527,-2.236580,0.475777,0.469151,-0.395230,0.664785,0.164477,0.334691,-1.946476,0.467434,0.464600,-0.395262,0.679755,0.160952,0.236247,-1.943545,0.452728,0.454426,-0.396156,0.680953,-0.046630,-0.004672,-1.941137,0.470111,0.612487,-0.435824,0.834934,-0.167380,0.370647,-1.635520,0.454353,0.599805,-0.325368,0.794637,-0.294939,-0.075322,-1.254669,0.372299,1.111602,-0.628989,0.966956,0.045702,0.746570,0.021222,0.411124,0.611911,-0.060862,0.977318,-0.075969,-1.581205,2.088435,0.204940,1.324121,-0.784308,0.515247,,,,,,,0.224153,,,,,,,0.239059,,,,,,,0.137064,,,,,,,0.181841,,,,,,,0.141637,,,,,,,0.188067,,,,,,,0.147347,,,,,,,0.178696,,,,,,,0.156948,,,
18,0.600000,852,480,30.000000,0.476304,0.541458,-0.386216,0.633957,-0.387531,-0.161596,0.619993,0.486046,0.483466,-0.472754,0.679252,-0.186531,0.065272,0.102405,0.493297,0.485088,-0.473233,0.704339,-0.075628,0.184312,0.099013,0.494452,0.484120,-0.474424,0.702463,-0.086587,0.109966,0.093569,0.470735,0.467182,-0.389261,0.629805,-0.151259,-0.059045,0.179072,0.463424,0.462789,-0.389329,0.643659,-0.120291,-0.054318,0.177989,0.452294,0.454966,-0.390293,0.646356,-0.013035,0.016181,0.175899,0.463527,0.611937,-0.432213,0.821984,-0.197510,-0.016496,0.108337,0.449261,0.600936,-0.319494,0.774395,-0.152769,0.033946,0.176217,0.390470,1.115878,-0.706175,0.969397,0.545125,0.128306,-2.315581,0.416824,0.607615,-0.071539,0.975208,0.170998,-0.128900,-0.320331,0.197753,1.266795,-0.846552,0.549146,-0.215608,-1.719786,-1.867315,,,,0.240547,,,,,,,0.243500,,,,,,,0.136270,,,,,,,0.179303,,,,,,,0.137071,,,,,,,0.184706,,,,,,,0.142680,,,,,,,0.176055,,,,,,,0.153512,,,
19,0.633333,852,480,30.000000,0.473544,0.540754,-0.384749,0.613926,-0.082782,-0.021136,0.043992,0.489649,0.482676,-0.464388,0.668878,0.108100,-0.023695,0.250993,0.494942,0.487977,-0.464918,0.695546,0.049341,0.086666,0.249445,0.495712,0.486005,-0.466095,0.693350,0.037797,0.056545,0.249892,0.470165,0.465855,-0.379237,0.614251,-0.017099,-0.039834,0.300724,0.463153,0.461581,-0.379301,0.627728,-0.008131,-0.036230,0.300819,0.454081,0.454939,-0.380310,0.632993,0.053628,-0.000788,0.299501,0.462246,0.613788,-0.424273,0.817803,-0.038424,0.055513,0.238198,0.449709,0.603507,-0.310739,0.767072,0.013454,0.077110,0.262661,0.394383,1.104386,-0.703945,0.970969,0.117399,-0.344778,0.066893,0.416309,0.607430,-0.013612,0.972127,-0.015447,-0.005531,1.737830,0.197381,1.241200,-0.870347,0.573898,-0.011178,-0.767838,-0.713859,,,,0.252285,,,,,,,0.231692,,,,,,,0.135927,,,,,,,0.168552,,,,,,,0.132875,,,,,,,0.173455,,,,,,,0.138501,,,,,,,0.165697,,,,,,,0.150373,,,
20,0.666667,852,480,30.000000,0.469285,0.537724,-0.429049,0.627282,-0.127782,-0.090904,-1.329004,0.486479,0.487183,-0.508093,0.678811,-0.095088,0.135226,-1.311156,0.493814,0.493863,-0.508479,0.705519,-0.033845,0.176606,-1.306815,0.491809,0.534975,-0.509480,0.701330,-0.117081,1.469123,-1.301552,0.468703,0.470634,-0.433229,0.622927,-0.043849,0.143394,-1.619761,0.461255,0.460296,-0.433355,0.636370,-0.056930,-0.038544,-1.621622,0.452745,0.453703,-0.434349,0.641107,-0.040076,-0.037078,-1.621174,0.459818,0.612881,-0.461035,0.828114,-0.072860,-0.027190,-1.102838,0.446869,0.600030,-0.361110,0.779343,-0.085202,-0.104288,-1.511147,0.397837,1.111131,-0.645300,0.973044,0.103621,0.202349,1.759356,0.415810,0.575880,-0.130229,0.972810,-0.014972,-0.946496,-3.498526,0.224451,1.281610,-0.787637,0.600877,0.812117,1.212291,2.481317,,,,0.280696,,,,,,,0.241418,,,,,,,0.146370,,,,,,,0.171583,,,,,,,0.136794,,,,,,,0.175189,,,,,,,0.141615,,,,,,,0.168630,,,,,,,0.155826,,,
21,0.700000,852,480,30.000000,0.486683,0.551801,-0.401782,0.635744,0.521948,0.422310,0.818024,0.494204,0.497750,-0.458261,0.690756,0.231737,0.317009,1.494972,0.498021,0.499620,-0.458699,0.715079,0.126199,0.172694,1.493407,0.493172,0.530920,-0.459754,0.710183,0.040885,-0.121660,1.491783,0.474813,0.474862,-0.394027,0.637063,0.183307,0.126818,1.176074,0.466428,0.466462,-0.394302,0.649231,0.155184,0.184972,1.171597,0.457954,0.459782,-0.395264,0.655849,0.156251,0.182358,1.172537,0.475594,0.623082,-0.414031,0.832039,0.473283,0.306029,1.410111,0.452726,0.604507,-0.327427,0.784901,0.175714,0.134304,1.010484,0.400132,1.095384,-0.516807,0.972700,0.068842,-0.472398,3.854796,0.408974,0.581656,-0.114937,0.970188,-0.205080,0.173283,0.458752,0.246515,1.283657,-0.665954,0.608472,0.661916,0.061401,3.650492,,,,0.287693,,,,,,,0.234188,,,,,,,0.146828,,,,,,,0.164909,,,,,,,0.135082,,,,,,,0.168311,,,,,,,0.140294,,,,,,,0.162062,,,,,,,0.155122,,,
22,0.733333,852,480,30.000000,0.491663,0.549043,-0.415431,0.646687,0.149410,-0.082734,-0.409468,0.498288,0.497236,-0.464422,0.701799,0.122526,-0.015435,-0.184846,0.500595,0.499141,-0.464851,0.724537,0.077246,-0.014365,-0.184570,0.498489,0.530326,-0.465887,0.719375,0.159504,-0.017810,-0.183993,0.480071,0.473959,-0.398921,0.649754,0.157734,-0.027070,-0.146827,0.472074,0.465999,-0.399177,0.660844,0.169371,-0.013888,-0.146239,0.464281,0.459819,-0.400110,0.669109,0.189826,0.001110,-0.145371,0.479102,0.621557,-0.420006,0.835198,0.105236,-0.045764,-0.179240,0.460185,0.602639,-0.331723,0.790995,0.223755,-0.056026,-0.128860,0.401392,1.093975,-0.484546,0.971965,0.037796,-0.042289,0.967824,0.407715,0.578696,-0.076641,0.969430,-0.037772,-0.088812,1.148894,0.267695,1.269908,-0.618787,0.617330,0.635392,-0.412449,1.414992,,,,0.302790,,,,,,,0.231503,,,,,,,0.151508,,,,,,,0.161073,,,,,,,0.135901,,,,,,,0.163932,,,,,,,0.140933,,,,,,,0.158782,,,,,,,0.156923,,,
23,0.766667,852,480,30.000000,0.491268,0.547088,-0.320686,0.656947,-0.011871,-0.058635,2.842356,0.498713,0.497030,-0.371357,0.712014,0.012757,-0.006179,2.791945,0.500799,0.497217,-0.371873,0.732947,0.006110,-0.057725,2.789334,0.503835,0.517752,-0.372871,0.729401,0.160386,-0.377221,2.790481,0.480679,0.472432,-0.295350,0.662573,0.018221,-0.045819,3.107117,0.472820,0.465862,-0.295388,0.671857,0.022380,-0.004112,3.113665,0.465307,0.459563,-0.296421,0.683402,0.030778,-0.007665,3.110668,0.479620,0.620458,-0.328952,0.838828,0.015543,-0.032972,2.731612,0.461535,0.601376,-0.226317,0.795029,0.040514,-0.037894,3.162170,0.402563,1.092317,-0.461744,0.971320,0.035132,-0.049732,0.684066,0.393726,0.568810,0.056632,0.968156,-0.419666,-0.296581,3.998185,0.266195,1.269124,-0.634809,0.621785,-0.044976,-0.023525,-0.480661,,,,0.319378,,,,,,,0.220649,,,,,,,0.159370,,,,,,,0.152525,,,,,,,0.138747,,,,,,,0.155114,,,,,,,0.144098,,,,,,,0.151548,,,,,,,0.163401,,,
24,0.800000,852,480,30.000000,0.480638,0.524404,-0.362700,0.646709,-0.318897,-0.680519,-1.260438,0.497750,0.484070,-0.422725,0.706654,-0.028906,-0.388790,-1.541028,0.499595,0.485232,-0.423293,0.727347,-0.036114,-0.359559,-1.542605,0.502242,0.495523,-0.424350,0.725016,-0.047790,-0.666887,-1.544370,0.478422,0.455700,-0.341033,0.659560,-0.067686,-0.501954,-1.370479,0.471400,0.451226,-0.340970,0.669654,-0.042581,-0.439099,-1.367451,0.457351,0.439751,-0.342007,0.685311,-0.238687,-0.594383,-1.367595,0.468136,0.598400,-0.374974,0.836767,-0.344523,-0.661737,-1.380666,0.441201,0.572449,-0.263551,0.792607,-0.610037,-0.867809,-1.117023,0.407977,1.106362,-0.542946,0.970269,0.162416,0.421357,-2.436064,0.377776,0.557559,0.092570,0.966956,-0.478516,-0.337535,1.078136,0.267218,1.286277,-0.806443,0.631584,0.030685,0.514573,-5.149013,,,,0.337929,,,,,,,0.209002,,,,,,,0.170540,,,,,,,0.143425,,,,,,,0.145074,,,,,,,0.145818,,,,,,,0.151068,,,,,,,0.143245,,,,,,,0.172127,,,
25,0.833333,852,480,30.000000,0.410701,0.524289,-0.412413,0.622655,-2.098103,-0.003453,-1.491372,0.454997,0.491498,-0.491076,0.686994,-1.282573,0.222821,-2.050528,0.461182,0.501591,-0.491672,0.709827,-1.152411,0.490786,-2.051361,0.468380,0.515745,-0.492935,0.708486,-1.015853,0.606669,-2.057552,0.444501,0.461101,-0.390514,0.635280,-1.017650,0.162026,-1.484415,0.444085,0.456386,-0.389846,0.644922,-0.819453,0.154810,-1.466301,0.440713,0.446267,-0.390814,0.661943,-0.499132,0.195493,-1.464199,0.409053,0.599779,-0.418332,0.832212,-1.772495,0.041369,-1.300742,0.392848,0.572549,-0.271323,0.782414,-1.450565,0.002981,-0.233159,0.418612,1.125108,-0.705089,0.971923,0.319061,0.562391,-4.864304,0.389382,0.550137,0.028341,0.966835,0.348191,-0.222654,-1.926861,0.263803,1.261881,-0.967575,0.652798,-0.102452,-0.731875,-4.833965,,,,0.348143,,,,,,,0.210827,,,,,,,0.178245,,,,,,,0.143389,,,,,,,0.150633,,,,,,,0.145951,,,,,,,0.157011,,,,,,,0.143819,,,,,,,0.180093,,,
26,0.866667,852,480,30.000000,0.370239,0.520096,-0.392370,0.597726,-1.213872,-0.125792,0.601269,0.418425,0.467970,-0.472879,0.663119,-1.097178,-0.705837,0.545916,0.424155,0.476835,-0.473478,0.688879,-1.110794,-0.742697,0.545834,0.446037,0.493885,-0.474712,0.689681,-0.670305,-0.655817,0.546673,0.405704,0.422204,-0.379910,0.605280,-1.163893,-1.166924,0.318109,0.406409,0.420641,-0.379509,0.613976,-1.130294,-1.072333,0.310135,0.406951,0.417606,-0.380480,0.631892,-1.012872,-0.859831,0.310033,0.375839,0.599331,-0.410737,0.822547,-0.996391,-0.013447,0.227866,0.364558,0.569178,-0.286464,0.763732,-0.848723,-0.101114,-0.454219,0.418877,1.125502,-0.700338,0.973715,0.007959,0.011802,0.142550,0.408244,0.538202,0.058342,0.966934,0.565835,-0.358061,0.900015,0.222056,1.201992,-0.887326,0.667498,-1.252423,-1.796658,2.407472,,,,0.347089,,,,,,,0.208823,,,,,,,0.177039,,,,,,,0.141476,,,,,,,0.147883,,,,,,,0.144513,,,,,,,0.154225,,,,,,,0.142348,,,,,,,0.177697,,,
27,0.900000,852,480,30.000000,0.382266,0.521774,-0.369631,0.576589,0.360830,0.050320,0.682182,0.429204,0.467628,-0.446068,0.646776,0.323374,-0.010252,0.804337,0.434279,0.474755,-0.446712,0.675172,0.303702,-0.062393,0.802964,0.447256,0.485525,-0.447952,0.677239,0.036589,-0.250776,0.802807,0.415211,0.423680,-0.356474,0.584603,0.285189,0.044294,0.703064,0.413541,0.421517,-0.356115,0.592723,0.213966,0.026253,0.701806,0.412095,0.418574,-0.357112,0.611923,0.154319,0.029035,0.701037,0.384389,0.604082,-0.388130,0.815952,0.256494,0.142533,0.678202,0.371814,0.571047,-0.269346,0.750351,0.217694,0.056051,0.513533,0.420965,1.135945,-0.699021,0.974821,0.062630,0.313286,0.039491,0.409525,0.540773,0.092695,0.966073,0.038449,0.077139,1.030603,0.219267,1.192444,-0.870952,0.675493,-0.083675,-0.286446,0.491230,,,,0.344650,,,,,,,0.205625,,,,,,,0.177827,,,,,,,0.139211,,,,,,,0.147599,,,,,,,0.142512,,,,,,,0.153852,,,,,,,0.140579,,,,,,,0.177955,,,
28,0.933333,852,480,30.000000,0.388988,0.505330,-0.371913,0.566072,0.201660,-0.493298,-0.068453,0.432228,0.448744,-0.442262,0.636962,0.090707,-0.566512,0.114157,0.437412,0.455007,-0.442966,0.669043,0.093991,-0.592448,0.112383,0.450709,0.478919,-0.444131,0.668239,0.103589,-0.198197,0.114622,0.418805,0.420468,-0.349147,0.575274,0.107835,-0.096362,0.219825,0.416309,0.418136,-0.349009,0.586267,0.083035,-0.101428,0.213187,0.414233,0.415640,-0.350038,0.604072,0.064141,-0.088023,0.212208,0.390458,0.569289,-0.387190,0.804075,0.182073,-1.043782,0.028200,0.375803,0.518024,-0.263222,0.731036,0.119664,-1.590693,0.183711,0.418495,1.125961,-0.682422,0.974718,-0.074101,-0.299506,0.497986,0.388447,0.532823,0.145895,0.962785,-0.632358,-0.238513,1.596002,0.219383,1.195062,-0.913275,0.677268,0.003499,0.078546,-1.269699,,,,0.338674,,,,,,,0.200617,,,,,,,0.177879,,,,,,,0.136146,,,,,,,0.146295,,,,,,,0.140012,,,,,,,0.152725,,,,,,,0.137531,,,,,,,0.176509,,,
29,0.966667,852,480,30.000000,0.394383,0.533283,-0.377855,0.546586,0.161851,0.838593,-0.178265,0.434574,0.450195,-0.447672,0.617838,0.070395,0.043520,-0.162292,0.439468,0.461633,-0.448272,0.651351,0.061706,0.198787,-0.159191,0.453007,0.479711,-0.449368,0.649757,0.068938,0.023758,-0.157097,0.422113,0.427211,-0.356658,0.553047,0.099226,0.202283,-0.225335,0.419139,0.426676,-0.356607,0.566451,0.084900,0.256214,-0.227958,0.416508,0.426082,-0.357662,0.586974,0.068262,0.313251,-0.228728,0.395720,0.612419,-0.397998,0.787894,0.157863,1.293908,-0.324258,0.381220,0.577165,-0.278108,0.711957,0.162519,1.774229,-0.446582,0.426684,1.151069,-0.680189,0.973513,0.245674,0.753243,0.066975,0.401561,0.561221,0.085361,0.961414,0.393449,0.851959,-1.816011,0.223479,1.175361,-0.880926,0.679457,0.122873,-0.591052,0.970457,,,,0.334412,,,,,,,0.189313,,,,,,,0.172516,,,,,,,0.128622,,,,,,,0.141699,,,,,,,0.132419,,,,,,,0.148336,,,,,,,0.129637,,,,,,,0.170834,,,
30,1.000000,852,480,30.000000,0.395782,0.532479,-0.295517,0.534826,0.041972,-0.024127,2.470135,0.444910,0.451354,-0.359223,0.607671,0.310079,0.034786,2.653465,0.444907,0.461006,-0.359805,0.643198,0.163144,-0.018804,2.654019,0.453320,0.473520,-0.360906,0.641388,0.009388,-0.185712,2.653846,0.434477,0.427960,-0.262848,0.540683,0.370923,0.022485,2.814300,0.430620,0.427284,-0.262905,0.556310,0.344436,0.018228,2.811079,0.428061,0.426431,-0.264016,0.578634,0.346564,0.010478,2.809386,0.398072,0.612533,-0.323301,0.772244,0.070539,0.003422,2.240932,0.382184,0.578709,-0.195773,0.693069,0.028928,0.046347,2.470064,0.427270,1.145575,-0.625482,0.973014,0.017560,-0.164820,1.641224,0.401625,0.584077,0.184254,0.959569,0.001895,0.685678,2.966770,0.214179,1.152615,-0.854670,0.681299,-0.278999,-0.682354,0.787695,,,,0.325268,,,,,,,0.179180,,,,,,,0.165692,,,,,,,0.121826,,,,,,,0.135612,,,,,,,0.125532,,,,,,,0.142354,,,,,,,0.122421,,,,,,,0.163797,,,
31,1.033333,852,480,30.000000,0.399664,0.512683,-0.313728,0.523066,0.116456,-0.593897,-0.546332,0.447678,0.442776,-0.376949,0.593272,0.083043,-0.257355,-0.531769,0.445537,0.449279,-0.377519,0.631797,0.018921,-0.351813,-0.531415,0.454504,0.470231,-0.378511,0.627030,0.035512,-0.098694,-0.528144,0.438601,0.427436,-0.282320,0.525669,0.123734,-0.015721,-0.584152,0.434601,0.427282,-0.282434,0.545250,0.119422,-0.000051,-0.585864,0.432275,0.426664,-0.283528,0.565837,0.126431,0.006992,-0.585347,0.400663,0.600534,-0.341324,0.748558,0.077740,-0.359972,-0.540688,0.385150,0.568869,-0.216456,0.665850,0.088981,-0.295227,-0.620491,0.428024,1.120461,-0.627469,0.972256,0.022642,-0.753443,-0.059608,0.402606,0.583198,0.160586,0.956705,0.029427,-0.026363,-0.710026,0.208801,1.126618,-0.841654,0.677410,-0.161338,-0.779936,0.390476,,,,0.313329,,,,,,,0.170128,,,,,,,0.156038,,,,,,,0.115680,,,,,,,0.127561,,,,,,,0.119349,,,,,,,0.134161,,,,,,,0.115821,,,,,,,0.154127,,,
32,1.066667,852,480,30.000000,0.380586,0.507450,-0.331056,0.541544,-0.572351,-0.156990,-0.519839,0.428098,0.435316,-0.396474,0.609193,-0.587400,-0.223782,-0.585752,0.428873,0.442257,-0.397043,0.649336,-0.499941,-0.210645,-0.585709,0.435417,0.468665,-0.398081,0.642271,-0.572620,-0.046972,-0.587096,0.422604,0.419214,-0.306056,0.540513,-0.479902,-0.246657,-0.712075,0.421034,0.417599,-0.306116,0.563237,-0.406999,-0.290499,-0.710472,0.420890,0.416136,-0.307182,0.580679,-0.341552,-0.315841,-0.709640,0.383126,0.547176,-0.357079,0.759745,-0.526114,-1.600744,-0.472669,0.375471,0.567217,-0.236534,0.676716,-0.290391,-0.049531,-0.602351,0.430371,1.114789,-0.661643,0.973894,0.070402,-0.170141,-1.025233,0.422982,0.579880,0.131331,0.958692,0.611285,-0.099540,-0.877647,0.199120,1.027469,-0.795110,0.687779,-0.290448,-2.974448,1.396324,,,,0.309264,,,,,,,0.163675,,,,,,,0.153613,,,,,,,0.110878,,,,,,,0.123673,,,,,,,0.114677,,,,,,,0.129937,,,,,,,0.110613,,,,,,,0.148901,,,
33,1.100000,852,480,30.000000,0.367607,0.494194,-0.338702,0.557701,-0.389373,-0.397661,-0.229387,0.415619,0.428360,-0.406714,0.622064,-0.374381,-0.208696,-0.307187,0.417939,0.436216,-0.407276,0.664003,-0.327999,-0.181243,-0.307015,0.423056,0.452700,-0.408325,0.654770,-0.370825,-0.478937,-0.307329,0.396618,0.406238,-0.317139,0.551433,-0.779595,-0.389307,-0.332506,0.397372,0.403952,-0.317173,0.577030,-0.709851,-0.409409,-0.331695,0.410561,0.384547,-0.318223,0.591303,-0.309868,-0.947674,-0.331207,0.374247,0.553740,-0.365401,0.769185,-0.266367,0.196912,-0.249647,0.366126,0.556906,-0.246072,0.685760,-0.280329,-0.309350,-0.286143,0.430374,1.103373,-0.663150,0.975385,0.000077,-0.342472,-0.045217,0.428466,0.562022,0.115542,0.960431,0.164524,-0.535759,-0.473678,0.196783,0.994004,-0.775485,0.694121,-0.070097,-1.003967,0.588761,,,,0.304106,,,,,,,0.156184,,,,,,,0.148081,,,,,,,0.105431,,,,,,,0.118064,,,,,,,0.109307,,,,,,,0.123973,,,,,,,0.104832,,,,,,,0.141830,,,
34,1.133333,852,480,30.000000,0.374866,0.419867,-0.474235,0.557717,0.217784,-2.229804,-4.065996,0.419008,0.402441,-0.556666,0.619048,0.101672,-0.777578,-4.498583,0.421871,0.409853,-0.557097,0.664747,0.117948,-0.790892,-4.494621,0.432619,0.424382,-0.557964,0.649817,0.286887,-0.849553,-4.489161,0.402721,0.367615,-0.457595,0.549250,0.183109,-1.158676,-4.213676,0.402752,0.362673,-0.457836,0.580083,0.161392,-1.238357,-4.219897,0.410884,0.353155,-0.458809,0.591033,0.009693,-0.941760,-4.217598,0.378589,0.485676,-0.503511,0.765519,0.130268,-2.041907,-4.143296,0.369274,0.470525,-0.373488,0.679196,0.094433,-2.591419,-3.822475,0.431235,1.104889,-0.746419,0.976055,0.025832,0.045476,-2.498047,0.427647,0.527349,0.004252,0.962023,-0.024554,-1.040193,-3.338701,0.183142,1.119092,-0.831262,0.684346,-0.409225,3.752638,-1.673310,,,,0.299435,,,,,,,0.149437,,,,,,,0.145898,,,,,,,0.101317,,,,,,,0.116731,,,,,,,0.105505,,,,,,,0.122951,,,,,,,0.100548,,,,,,,0.140000,,,
35,1.166667,852,480,30.000000,0.364605,0.430813,-0.444056,0.551954,-0.307845,0.328370,0.905370,0.419552,0.395005,-0.519708,0.611448,0.016337,-0.223078,1.108738,0.422995,0.402455,-0.520196,0.658194,0.033722,-0.221928,1.107041,0.431997,0.424208,-0.521143,0.642383,-0.018646,-0.005206,1.104630,0.394553,0.373715,-0.424729,0.539907,-0.245054,0.183008,0.985986,0.396033,0.365633,-0.424857,0.572196,-0.201581,0.088784,0.989377,0.400868,0.355533,-0.425851,0.583809,-0.300492,0.071349,0.988750,0.378337,0.481964,-0.470491,0.758417,-0.007583,-0.111357,0.990595,0.362670,0.478108,-0.346452,0.672165,-0.198136,0.227496,0.811093,0.435158,1.095706,-0.720835,0.976480,0.117694,-0.275484,0.767496,0.427948,0.516723,0.012146,0.962444,0.009019,-0.318763,0.236831,0.194351,1.115962,-0.829510,0.680939,0.336261,-0.093899,0.052546,,,,0.290538,,,,,,,0.142879,,,,,,,0.139649,,,,,,,0.097512,,,,,,,0.112043,,,,,,,0.101836,,,,,,,0.118279,,,,,,,0.096665,,,,,,,0.134417,,,
36,1.200000,852,480,30.000000,0.368591,0.439634,-0.107823,0.585222,0.119578,0.264636,10.087015,0.420156,0.394815,-0.143992,0.638639,0.018095,-0.005679,11.271480,0.424313,0.401805,-0.144503,0.682468,0.039555,-0.019499,11.270777,0.433063,0.426820,-0.145624,0.668176,0.031962,0.078349,11.265585,0.395270,0.382568,-0.071971,0.571742,0.021496,0.265579,10.582744,0.396146,0.371520,-0.071993,0.601515,0.003388,0.176625,10.585896,0.398898,0.360333,-0.072977,0.612950,-0.059090,0.144002,10.586204,0.378040,0.482029,-0.118299,0.773277,-0.008896,0.001945,10.565750,0.364694,0.492545,-0.023531,0.692960,0.060737,0.433109,9.687629,0.444699,1.018715,-0.368535,0.978327,0.286228,-2.309754,10.569013,0.425762,0.518368,0.287023,0.964918,-0.065573,0.049335,8.246304,0.235106,1.007418,-0.439811,0.685622,1.222641,-3.256302,11.690973,,,,0.291732,,,,,,,0.144142,,,,,,,0.141369,,,,,,,0.098657,,,,,,,0.111807,,,,,,,0.103415,,,,,,,0.117750,,,,,,,0.097361,,,,,,,0.132925,,,
37,1.233333,852,480,30.000000,0.358437,0.444665,0.053864,0.599592,-0.304617,0.150920,4.850612,0.392935,0.400974,0.012006,0.651585,-0.816614,0.184749,4.679949,0.398780,0.412272,0.011379,0.695036,-0.765989,0.314016,4.676478,0.415580,0.399489,0.010096,0.681932,-0.524480,-0.819923,4.671599,0.381913,0.387022,0.083125,0.585763,-0.400700,0.133612,4.652886,0.383400,0.377470,0.083296,0.613592,-0.382376,0.178484,4.658670,0.385470,0.367025,0.082363,0.625016,-0.402839,0.200771,4.660200,0.366761,0.491899,0.030310,0.784033,-0.338365,0.296095,4.458259,0.355601,0.493843,0.124125,0.707464,-0.272795,0.038942,4.429667,0.444214,0.968138,-0.296099,0.980184,-0.014547,-1.517301,2.173094,0.424433,0.519904,0.410773,0.967414,-0.039893,0.046091,3.712496,0.238435,0.906890,-0.320926,0.695424,0.099874,-3.015842,3.566557,,,,0.295805,,,,,,,0.139499,,,,,,,0.151118,,,,,,,0.095275,,,,,,,0.117508,,,,,,,0.100006,,,,,,,0.122913,,,,,,,0.094611,,,,,,,0.139364,,,
38,1.266667,852,480,30.000000,0.369482,0.449931,0.019431,0.607960,0.331365,0.157970,-1.033013,0.401204,0.398687,-0.032792,0.662527,0.248054,-0.068591,-1.343949,0.409372,0.409441,-0.033424,0.701825,0.317753,-0.084951,-1.344098,0.421573,0.405304,-0.034613,0.692795,0.179788,0.174455,-1.341295,0.402743,0.392145,0.049743,0.597226,0.624889,0.153684,-1.001473,0.404378,0.382110,0.050246,0.617916,0.629353,0.139216,-0.991479,0.405473,0.371882,0.049556,0.632301,0.600105,0.145709,-0.984186,0.368281,0.496030,0.010211,0.794764,0.045606,0.123923,-0.602953,0.356352,0.498006,0.122360,0.718439,0.022532,0.124870,-0.052947,0.421987,0.994812,-0.273744,0.981947,-0.666802,0.800210,0.670638,0.392748,0.482152,0.478139,0.970031,-0.950550,-1.132566,2.020975,0.222374,1.086565,-0.434417,0.707286,-0.481806,5.390251,-3.404737,,,,0.337862,,,,,,,0.150417,,,,,,,0.204403,,,,,,,0.100986,,,,,,,0.161288,,,,,,,0.105392,,,,,,,0.164370,,,,,,,0.103514,,,,,,,0.185684,,,
39,1.300000,852,480,30.000000,0.335577,0.421884,-0.013995,0.626679,-1.017165,-0.841396,-1.002776,0.405083,0.458192,-0.077478,0.681823,0.116383,1.785134,-1.340567,0.412271,0.470863,-0.077873,0.717604,0.086969,1.842672,-1.333487,0.423949,0.406975,-0.079113,0.711707,0.071288,0.050125,-1.334996,0.403091,0.430755,-0.000778,0.616361,0.010441,1.158327,-1.515638,0.404453,0.423153,-0.000304,0.630774,0.002232,1.231285,-1.516510,0.405456,0.415774,-0.000935,0.647352,-0.000510,1.316739,-1.514739,0.370389,0.562433,-0.043423,0.811552,0.063233,1.992088,-1.609019,0.358627,0.540202,0.063199,0.739603,0.068235,1.265894,-1.774831,0.422089,1.053441,-0.331310,0.983688,0.003060,1.758889,-1.726976,0.394417,0.488662,0.330833,0.972775,0.050075,0.195299,-4.419169,0.221988,1.312391,-0.526205,0.728550,-0.011602,6.774763,-2.753642,,,,0.366067,,,,,,,0.163945,,,,,,,0.224540,,,,,,,0.107070,,,,,,,0.176858,,,,,,,0.112085,,,,,,,0.178182,,,,,,,0.111767,,,,,,,0.202754,,,
40,1.333333,852,480,30.000000,,,,,,,,,,,,,,,,,,,,,,,,,,,,,,,,,,,,,,,,,,,,,,,,,,,,,,,,,,,,,,,,,,,,,,,,,,,,,,,,,,,,,,,,,,,,,,,,,,,,,,,,,,,,,,,,,,,,,,,,,,,,,,,,,,,,,,,,,,,,,,,,,,,
41,1.366667,852,480,30.000000,,,,,,,,,,,,,,,,,,,,,,,,,,,,,,,,,,,,,,,,,,,,,,,,,,,,,,,,,,,,,,,,,,,,,,,,,,,,,,,,,,,,,,,,,,,,,,,,,,,,,,,,,,,,,,,,,,,,,,,,,,,,,,,,,,,,,,,,,,,,,,,,,,,
42,1.400000,852,480,30.000000,,,,,,,,,,,,,,,,,,,,,,,,,,,,,,,,,,,,,,,,,,,,,,,,,,,,,,,,,,,,,,,,,,,,,,,,,,,,,,,,,,,,,,,,,,,,,,,,,,,,,,,,,,,,,,,,,,,,,,,,,,,,,,,,,,,,,,,,,,,,,,,,,,,
43,1.433333,852,480,30.000000,,,,,,,,,,,,,,,,,,,,,,,,,,,,,,,,,,,,,,,,,,,,,,,,,,,,,,,,,,,,,,,,,,,,,,,,,,,,,,,,,,,,,,,,,,,,,,,,,,,,,,,,,,,,,,,,,,,,,,,,,,,,,,,,,,,,,,,,,,,,,,,,,,,
44,1.466667,852,480,30.000000,,,,,,,,,,,,,,,,,,,,,,,,,,,,,,,,,,,,,,,,,,,,,,,,,,,,,,,,,,,,,,,,,,,,,,,,,,,,,,,,,,,,,,,,,,,,,,,,,,,,,,,,,,,,,,,,,,,,,,,,,,,,,,,,,,,,,,,,,,,,,,,,,,,
45,1.500000,852,480,30.000000,,,,,,,,,,,,,,,,,,,,,,,,,,,,,,,,,,,,,,,,,,,,,,,,,,,,,,,,,,,,,,,,,,,,,,,,,,,,,,,,,,,,,,,,,,,,,,,,,,,,,,,,,,,,,,,,,,,,,,,,,,,,,,,,,,,,,,,,,,,,,,,,,,,
46,1.533333,852,480,30.000000,0.310769,0.275477,-0.279261,0.659782,,,,0.336966,0.307947,-0.257362,0.709446,,,,0.333183,0.304831,-0.257154,0.740836,,,,0.329400,0.301208,-0.256864,0.736519,,,,0.383248,0.347570,-0.329873,0.651316,,,,0.385788,0.348459,-0.329862,0.663680,,,,0.416699,0.345854,-0.330374,0.678996,,,,0.292943,0.224372,-0.168269,0.823112,,,,0.312547,0.220600,-0.265303,0.758908,,,,0.234356,0.042019,0.170147,0.963224,,,,0.435692,0.172586,-0.391000,0.967953,,,,0.271590,0.358562,0.399233,0.674473,,,,,,,0.382670,,,,,,,0.179754,,,,,,,0.245949,,,,,,,0.130425,,,,,,,0.206590,,,,,,,0.139417,,,,,,,0.212252,,,,,,,0.138210,,,,,,,0.232038,,,
47,1.566667,852,480,30.000000,0.316443,0.388011,-0.270637,0.689560,0.170205,3.376038,0.258734,0.337395,0.393500,-0.257536,0.734023,0.012872,2.566594,-0.005224,0.334766,0.390892,-0.257356,0.760938,0.047485,2.581835,-0.006063,0.333221,0.388366,-0.257107,0.758345,0.114619,2.614732,-0.007288,0.381109,0.394813,-0.273736,0.681601,-0.064185,1.417280,1.684105,0.382943,0.392994,-0.273801,0.691474,-0.085359,1.336056,1.681809,0.393641,0.389951,-0.274459,0.706684,-0.691722,1.322894,1.677439,0.308818,0.328004,-0.196365,0.831833,0.476235,3.108958,-0.842878,0.328704,0.319652,-0.225604,0.774058,0.484716,2.971557,1.190988,0.238024,0.179050,-0.094872,0.953569,0.110064,4.110947,-7.950574,0.436980,0.154470,-0.083373,0.959621,0.038622,-0.543482,9.228791,0.268761,0.532794,-0.020554,0.660691,-0.084872,5.226954,-12.593590,,,,0.379907,,,,,,,0.213643,,,,,,,0.258204,,,,,,,0.164938,,,,,,,0.224963,,,,,,,0.177620,,,,,,,0.236136,,,,,,,0.177491,,,,,,,0.252183,,,
48,1.600000,852,480,30.000000,,,,,,,,,,,,,,,,,,,,,,,,,,,,,,,,,,,,,,,,,,,,,,,,,,,,,,,,,,,,,,,,,,,,,,,,,,,,,,,,,,,,,,,,,,,,,,,,,,,,,,,,,,,,,,,,,,,,,,,,,,,,,,,,,,,,,,,,,,,,,,,,,,,
49,1.633333,852,480,30.000000,0.343459,0.402754,-0.428251,0.716488,,,,0.349751,0.489985,-0.418189,0.756981,,,,0.341803,0.489875,-0.418107,0.779033,,,,0.335659,0.488181,-0.418721,0.778665,,,,0.408203,0.489454,-0.400478,0.709511,,,,0.413066,0.492425,-0.400405,0.716857,,,,0.418747,0.492855,-0.401486,0.733017,,,,0.293904,0.301736,-0.340760,0.845421,,,,0.377536,0.334207,-0.316751,0.793712,,,,0.081794,0.155251,-0.145578,0.946437,,,,0.525355,0.153445,-0.097183,0.961068,,,,0.012175,0.267582,-0.229488,0.640497,,,,,,,0.407621,,,,,,,0.226850,,,,,,,0.298868,,,,,,,0.181709,,,,,,,0.264659,,,,,,,0.194816,,,,,,,0.278792,,,,,,,0.197834,,,,,,,0.295162,,,
50,1.666667,852,480,30.000000,0.417883,0.407888,-0.373629,0.742233,2.232717,0.154012,1.638637,0.391523,0.466996,-0.403379,0.778770,1.253165,-0.689684,0.444309,0.383767,0.463542,-0.403415,0.797418,1.258923,-0.789970,0.440753,0.361243,0.456960,-0.403925,0.798389,0.767504,-0.936644,0.443881,0.416176,0.472774,-0.333942,0.735893,0.239176,-0.500377,1.996089,0.419149,0.474132,-0.333789,0.741389,0.182488,-0.548785,1.998488,0.423359,0.473702,-0.334521,0.757675,0.138372,-0.574596,2.008941,0.403419,0.321564,-0.340863,0.857482,3.285456,0.594833,-0.003101,0.437069,0.340042,-0.263837,0.810491,1.785988,0.175040,1.587414,0.240652,0.128775,-0.373155,0.935193,4.765734,-0.794275,-6.827319,0.521331,0.026034,0.128764,0.954100,-0.120719,-3.822330,6.778429,0.242515,0.533615,-0.310069,0.631696,6.910185,7.980992,-2.417431,,,,0.384038,,,,,,,0.220569,,,,,,,0.294563,,,,,,,0.178009,,,,,,,0.266794,,,,,,,0.192447,,,,,,,0.286470,,,,,,,0.198205,,,,,,,0.299479,,,
51,1.700000,852,480,30.000000,0.425789,0.419316,-0.379598,0.759667,0.237188,0.342831,-0.179055,0.404839,0.498298,-0.438944,0.793142,0.399477,0.939055,-1.066971,0.379748,0.493795,-0.439249,0.806642,-0.120580,0.907590,-1.075008,0.359400,0.458277,-0.439887,0.810690,-0.055288,0.039507,-1.078885,0.424167,0.503533,-0.343227,0.754201,0.239748,0.922756,-0.278565,0.427547,0.502696,-0.343104,0.756427,0.251930,0.856912,-0.279445,0.431815,0.500651,-0.343955,0.775670,0.253672,0.808485,-0.283031,0.409794,0.321448,-0.373841,0.862842,0.191245,-0.003490,-0.989319,0.451229,0.338451,-0.270864,0.820533,0.424789,-0.047733,-0.210807,0.215059,0.157342,-0.483607,0.917553,-0.767783,0.856993,-3.313551,0.515730,0.046482,0.159826,0.946964,-0.168024,0.613456,0.931854,0.208079,0.491774,-0.542952,0.598284,-1.033078,-1.255219,-6.986484,,,,0.357497,,,,,,,0.206377,,,,,,,0.285050,,,,,,,0.168451,,,,,,,0.263545,,,,,,,0.183149,,,,,,,0.287766,,,,,,,0.189805,,,,,,,0.298247,,,
52,1.733333,852,480,30.000000,0.366439,0.420708,-0.435118,0.774099,-1.780504,0.041765,-1.665611,0.313858,0.476981,-0.473064,0.804270,-2.729441,-0.639501,-1.023584,0.299752,0.475064,-0.473301,0.812823,-2.399857,-0.561938,-1.021565,0.286530,0.454991,-0.473899,0.819585,-2.186102,-0.098565,-1.020340,0.351366,0.491469,-0.412652,0.767987,-2.184039,-0.361917,-2.082723,0.394192,0.492200,-0.412518,0.767425,-1.000628,-0.314867,-2.082439,0.398887,0.489577,-0.413307,0.789865,-0.987844,-0.332225,-2.080538,0.375966,0.314447,-0.401318,0.869409,-1.014828,-0.210042,-0.824313,0.423096,0.325166,-0.327267,0.831367,-0.843986,-0.398551,-1.692091,0.188642,0.156764,-0.389231,0.906808,-0.792518,-0.017323,2.831259,0.482956,0.059038,0.020420,0.943807,-0.983223,0.376684,-4.182188,0.187314,0.471784,-0.434614,0.576478,-0.622930,-0.599721,3.250116,,,,0.349889,,,,,,,0.205943,,,,,,,0.297080,,,,,,,0.170428,,,,,,,0.276647,,,,,,,0.186701,,,,,,,0.306045,,,,,,,0.194374,,,,,,,0.314529,,,
53,1.766667,852,480,30.000000,0.371345,0.420613,-0.436740,0.787528,0.147192,-0.002852,-0.048654,0.336534,0.482560,-0.465119,0.814366,0.680268,0.167389,0.238342,0.334062,0.479723,-0.465286,0.819138,1.029281,0.139777,0.240434,0.294428,0.453984,-0.465885,0.828064,0.236954,-0.030223,0.240427,0.361916,0.494103,-0.429690,0.780889,0.316491,0.079021,-0.511143,0.405365,0.493867,-0.429497,0.778182,0.335168,0.049993,-0.509350,0.408918,0.491347,-0.430318,0.802662,0.300930,0.053087,-0.510332,0.375530,0.312400,-0.399110,0.876647,-0.013082,-0.061410,0.066222,0.424804,0.318083,-0.342235,0.842117,0.051252,-0.212484,-0.449043,0.189578,0.154024,-0.223475,0.902015,0.028102,-0.082217,4.972700,0.484201,0.072380,-0.199989,0.943996,0.037346,0.400236,-6.612249,0.186860,0.445295,-0.147446,0.551948,-0.013618,-0.794672,8.615053,,,,0.353445,,,,,,,0.207056,,,,,,,0.312652,,,,,,,0.174807,,,,,,,0.294577,,,,,,,0.193096,,,,,,,0.328091,,,,,,,0.201003,,,,,,,0.333665,,,
54,1.800000,852,480,30.000000,0.339990,0.427670,-0.697519,0.783020,-0.940661,0.211728,-7.823364,0.316568,0.522854,-0.697317,0.805502,-0.598967,1.208793,-6.965935,0.304057,0.525059,-0.697339,0.805087,-0.900148,1.360068,-6.961572,0.279447,0.521641,-0.698005,0.816217,-0.449437,2.029710,-6.963621,0.368621,0.561534,-0.688117,0.774276,0.201142,2.022935,-7.752813,0.402181,0.558161,-0.688237,0.769387,-0.095518,1.928833,-7.762207,0.422352,0.554159,-0.689338,0.798443,0.403026,1.884352,-7.770620,0.318726,0.344277,-0.583753,0.876565,-1.704135,0.956317,-5.539289,0.368935,0.337849,-0.568807,0.846844,-1.676081,0.592970,-6.797144,0.126485,0.229948,-0.264562,0.897264,-1.892795,2.277717,-1.232623,0.487912,0.195054,-0.280301,0.946199,0.111321,3.680231,-2.409381,0.140140,0.327210,-0.261063,0.531597,-1.401613,-3.542530,-3.408513,,,,0.372548,,,,,,,0.220309,,,,,,,0.338922,,,,,,,0.189100,,,,,,,0.314690,,,,,,,0.207402,,,,,,,0.348710,,,,,,,0.215908,,,,,,,0.353991,,,
55,1.833333,852,480,30.000000,0.437955,0.433719,-0.424872,0.803590,2.938961,0.181464,8.179421,0.393635,0.502104,-0.462409,0.823826,2.312002,-0.622500,7.047245,0.393571,0.499611,-0.462524,0.823038,2.685440,-0.763436,7.044426,0.393389,0.497860,-0.462532,0.833473,3.418256,-0.713418,7.064189,0.418463,0.531631,-0.419349,0.795545,1.495263,-0.897083,8.063017,0.425109,0.527080,-0.419205,0.790719,0.687840,-0.932427,8.070944,0.431694,0.521441,-0.419541,0.817500,0.280274,-0.981522,8.093929,0.433202,0.343100,-0.418194,0.887077,3.434281,-0.035299,4.966791,0.430397,0.338340,-0.361096,0.860039,1.843857,0.014730,6.231330,0.310449,0.138960,-0.312576,0.890572,5.518907,-2.729646,-1.440402,0.489545,0.077225,-0.225955,0.938517,0.048991,-3.534853,1.630395,0.317853,0.534707,-0.238124,0.520091,5.331400,6.224909,0.688179,,,,0.354002,,,,,,,0.222126,,,,,,,0.331911,,,,,,,0.193708,,,,,,,0.316102,,,,,,,0.214892,,,,,,,0.354852,,,,,,,0.223712,,,,,,,0.357030,,,
56,1.866667,852,480,30.000000,0.395713,0.416416,-0.679972,0.820428,-1.267247,-0.519078,-7.653014,0.360544,0.490263,-0.721842,0.838095,-0.992710,-0.355212,-7.782995,0.355338,0.489294,-0.721543,0.836557,-1.147008,-0.309511,-7.770568,0.354388,0.491352,-0.721394,0.846454,-1.170028,-0.195247,-7.765843,0.376102,0.502560,-0.694283,0.812644,-1.270812,-0.872131,-8.247993,0.382059,0.499606,-0.694097,0.807482,-1.291508,-0.824224,-8.246765,0.388297,0.496551,-0.694629,0.832406,-1.301918,-0.746704,-8.252655,0.396321,0.341778,-0.617641,0.893758,-1.106429,-0.039665,-5.983413,0.393674,0.336738,-0.582739,0.869570,-1.101681,-0.048037,-6.649286,0.263200,0.166915,-0.438853,0.886419,-1.417458,0.838657,-3.788316,0.449395,0.163080,-0.348707,0.938091,-1.204503,2.575631,-3.682576,,,,0.494036,,,,,,,0.330676,,,,,,,0.226343,,,,,,,0.318833,,,,,,,0.202662,,,,,,,0.312693,,,,,,,0.225999,,,,,,,0.353338,,,,,,,0.233021,,,,,,,0.352193,,,
57,1.900000,852,480,30.000000,0.325008,0.415671,-0.791225,0.836002,-2.121176,-0.022363,-3.337589,0.310814,0.490418,-0.801290,0.851331,-1.491915,0.004633,-2.383431,0.301378,0.489359,-0.801001,0.849053,-1.618807,0.001945,-2.383718,0.294554,0.490895,-0.801198,0.858208,-1.795021,-0.013728,-2.394117,0.335370,0.502475,-0.823717,0.828575,-1.221967,-0.002564,-3.883036,0.345527,0.499664,-0.823658,0.823439,-1.095948,0.001751,-3.886816,0.355847,0.497277,-0.824390,0.846468,-0.973502,0.021788,-3.892826,0.312635,0.341897,-0.676775,0.901842,-2.510574,0.003586,-1.774015,0.337424,0.339327,-0.707744,0.880420,-1.687507,0.077662,-3.750154,0.235618,0.175035,-0.418754,0.887682,-0.827460,0.243592,0.602978,0.449138,0.241797,-0.576601,0.942162,-0.007698,2.361529,-6.836811,,,,0.477717,,,,,,,0.341296,,,,,,,0.236440,,,,,,,0.340141,,,,,,,0.215465,,,,,,,0.335584,,,,,,,0.240071,,,,,,,0.376429,,,,,,,0.245386,,,,,,,0.373273,,,
58,1.933333,852,480,30.000000,0.390877,0.384812,-0.697965,0.850955,1.976078,-0.925777,2.797791,0.388117,0.458388,-0.723873,0.864593,2.319091,-0.960883,2.322502,0.346096,0.410818,-0.723230,0.862239,1.341552,-2.356230,2.333125,0.342696,0.411526,-0.722944,0.870455,1.444257,-2.381052,2.347620,0.377186,0.467549,-0.704758,0.843838,1.254475,-1.047772,3.568761,0.371893,0.465822,-0.704428,0.838906,0.790979,-1.015285,3.576897,0.367125,0.462591,-0.704483,0.859836,0.338350,-1.040588,3.597216,0.401383,0.334560,-0.633279,0.908767,2.662457,-0.220116,1.304854,0.415922,0.333874,-0.610203,0.888752,2.354948,-0.163599,2.926229,0.352057,0.090971,-0.574496,0.885308,3.493175,-2.521909,-4.672279,0.399958,0.096331,-0.389800,0.934603,-1.475421,-4.363990,5.604021,,,,0.490989,,,,,,,0.341555,,,,,,,0.247081,,,,,,,0.342800,,,,,,,0.225965,,,,,,,0.340211,,,,,,,0.250027,,,,,,,0.379787,,,,,,,0.256368,,,,,,,0.375437,,,
59,1.966667,852,480,30.000000,0.409128,0.338115,-0.533076,0.865415,0.547535,-1.400896,4.946687,0.411978,0.404342,-0.513645,0.877515,0.715847,-1.621379,6.306843,0.404970,0.387056,-0.512942,0.875310,1.766214,-0.712865,6.308643,0.409412,0.385598,-0.512181,0.882711,2.001487,-0.777837,6.322870,0.397480,0.409874,-0.546363,0.858787,0.608838,-1.730255,4.751852,0.389298,0.409067,-0.545785,0.854232,0.522161,-1.702650,4.759296,0.409681,0.412207,-0.545051,0.873078,1.276658,-1.511537,4.782963,0.423735,0.296147,-0.440804,0.916720,0.670547,-1.152404,5.774264,0.422606,0.297996,-0.494103,0.898247,0.200529,-1.076321,3.483000,0.380782,0.030833,-0.275777,0.888783,0.861742,-1.804132,8.961586,0.416740,0.013305,-0.333785,0.930533,0.503472,-2.490770,1.680464,0.381734,0.409049,-0.075931,0.506007,,,,,,,0.372543,,,,,,,0.277585,,,,,,,0.373556,,,,,,,0.255699,,,,,,,0.371330,,,,,,,0.279856,,,,,,,0.409171,,,,,,,0.286156,,,,,,,0.403554,,,
60,2.000000,852,480,30.000000,0.352953,0.345801,-0.492698,0.877607,-1.685246,0.230579,1.211342,0.359356,0.413695,-0.481704,0.887793,-1.578673,0.280598,0.958237,0.356813,0.393511,-0.480918,0.885404,-1.444713,0.193661,0.960715,0.358281,0.388103,-0.480098,0.892114,-1.533932,0.075154,0.962509,0.365953,0.420134,-0.536201,0.871299,-0.945822,0.307798,0.304856,0.369747,0.418770,-0.535665,0.866900,-0.586538,0.291116,0.303592,0.383405,0.419893,-0.535151,0.883863,-0.788251,0.230588,0.296994,0.356421,0.297576,-0.378147,0.920917,-2.019429,0.042875,1.879712,0.369570,0.299893,-0.466272,0.904234,-1.591095,0.056907,0.834934,0.331255,0.110808,-0.143214,0.884864,-1.485812,2.399256,3.976884,0.429470,0.168009,-0.418301,0.931689,0.381916,4.641092,-2.535473,,,,0.482909,,,,,,,0.395806,,,,,,,0.289658,,,,,,,0.404100,,,,,,,0.276840,,,,,,,0.404034,,,,,,,0.300423,,,,,,,0.438831,,,,,,,0.305069,,,,,,,0.430182,,,
61,2.033333,852,480,30.000000,0.344827,0.347833,-0.661510,0.887704,-0.243772,0.060942,-5.064380,0.347934,0.419066,-0.674732,0.896068,-0.342661,0.161118,-5.790839,0.344292,0.403166,-0.673867,0.893208,-0.375634,0.289662,-5.788467,0.342596,0.395022,-0.673151,0.899499,-0.470549,0.207563,-5.791594,0.363489,0.421354,-0.718170,0.881593,-0.073920,0.036601,-5.459052,0.370552,0.420370,-0.717683,0.876995,0.024152,0.047999,-5.460534,0.382875,0.420908,-0.717285,0.892419,-0.015919,0.030447,-5.464012,0.340207,0.298317,-0.546634,0.923739,-0.486422,0.022219,-5.054620,0.362828,0.298355,-0.611370,0.908179,-0.202244,-0.046148,-4.352953,0.324101,0.167634,-0.337656,0.885907,-0.214629,1.704764,-5.833254,0.420650,0.163748,-0.502526,0.932026,-0.264614,-0.127814,-2.526761,,,,0.463254,,,,,,,0.402678,,,,,,,0.297882,,,,,,,0.406482,,,,,,,0.292017,,,,,,,0.406885,,,,,,,0.314758,,,,,,,0.438645,,,,,,,0.318768,,,,,,,0.428008,,,
62,2.066667,852,480,30.000000,0.400633,0.354700,-0.643373,0.893953,1.674169,0.206034,0.544108,0.405977,0.421699,-0.659418,0.899395,1.741301,0.078976,0.459403,0.402350,0.404311,-0.658576,0.895529,1.741751,0.034348,0.458727,0.398782,0.398684,-0.657938,0.901906,1.685571,0.109863,0.456380,0.418110,0.425792,-0.693666,0.887437,1.638629,0.133142,0.735124,0.423472,0.425294,-0.693178,0.882388,1.587593,0.147707,0.735149,0.429495,0.425905,-0.692895,0.896666,1.398607,0.149910,0.731698,0.383198,0.313298,-0.543610,0.918981,1.289737,0.449436,0.090718,0.397751,0.311205,-0.595610,0.903218,1.047678,0.385500,0.472793,0.347309,0.192983,-0.339350,0.874614,0.696261,0.760481,-0.050843,0.422858,0.193291,-0.533686,0.927931,0.066243,0.886296,-0.934814,,,,0.435329,,,,,,,0.407155,,,,,,,0.286218,,,,,,,0.403168,,,,,,,0.284859,,,,,,,0.405847,,,,,,,0.306924,,,,,,,0.436090,,,,,,,0.311009,,,,,,,0.423107,,,
63,2.100000,852,480,30.000000,0.477646,0.396798,-0.675601,0.903293,2.310381,1.262920,-0.966829,0.480042,0.452161,-0.709117,0.907882,2.221929,0.913884,-1.490968,0.475825,0.446438,-0.708183,0.904054,2.204252,1.263788,-1.488204,0.471532,0.446151,-0.707529,0.909996,2.182501,1.424011,-1.487743,0.506274,0.492156,-0.722743,0.897256,2.644912,1.990909,-0.872304,0.502583,0.487285,-0.722351,0.892489,2.373336,1.859728,-0.875194,0.492243,0.439598,-0.721995,0.905474,1.882429,0.410813,-0.872991,0.450708,0.356276,-0.605273,0.923856,2.025294,1.289333,-1.849875,0.460932,0.346424,-0.628160,0.908961,1.895444,1.056570,-0.976478,0.391636,0.208128,-0.445164,0.874156,1.329804,0.454346,-3.174410,0.417321,0.191444,-0.558353,0.927790,-0.166113,-0.055405,-0.740011,,,,0.413084,,,,,,,0.408398,,,,,,,0.286840,,,,,,,0.403462,,,,,,,0.290704,,,,,,,0.407190,,,,,,,0.312110,,,,,,,0.435058,,,,,,,0.315184,,,,,,,0.419497,,,
64,2.133333,852,480,30.000000,0.412485,0.371789,-0.541839,0.908722,-1.954818,-0.750251,4.012862,0.436300,0.426457,-0.568541,0.910953,-1.312258,-0.771121,4.217296,0.446369,0.424918,-0.567694,0.906305,-0.883664,-0.645596,4.214671,0.458314,0.425440,-0.566970,0.912291,-0.396527,-0.621343,4.216776,0.435961,0.437419,-0.636545,0.902839,-2.109372,-1.642115,2.585937,0.437165,0.433317,-0.635984,0.897748,-1.962544,-1.619048,2.591021,0.434579,0.413860,-0.635366,0.909739,-1.729905,-0.772144,2.598850,0.409802,0.331990,-0.457397,0.922894,-1.227177,-0.728565,4.436287,0.406463,0.322833,-0.552382,0.909560,-1.634071,-0.707721,2.273324,0.392204,0.204234,-0.309499,0.869964,0.017047,-0.116814,4.069939,0.409407,0.188538,-0.571063,0.927162,-0.237420,-0.087193,-0.381294,,,,0.386556,,,,,,,0.428122,,,,,,,0.277938,,,,,,,0.407792,,,,,,,0.286600,,,,,,,0.412240,,,,,,,0.307760,,,,,,,0.438112,,,,,,,0.309992,,,,,,,0.420032,,,
65,2.166667,852,480,30.000000,0.411950,0.353267,-0.465214,0.914843,-0.016062,-0.555671,2.298743,0.425793,0.406724,-0.497962,0.915651,-0.315191,-0.592009,2.117368,0.427785,0.406744,-0.497183,0.910489,-0.557542,-0.545218,2.115312,0.430910,0.407355,-0.496532,0.916356,-0.822120,-0.542547,2.113143,0.429775,0.406932,-0.548602,0.909188,-0.185579,-0.914597,2.638273,0.429689,0.403325,-0.548057,0.904084,-0.224265,-0.899757,2.637804,0.426759,0.394713,-0.547493,0.915216,-0.234596,-0.574404,2.636206,0.403909,0.310697,-0.393548,0.924315,-0.176788,-0.638788,1.915470,0.404803,0.303001,-0.465398,0.912312,-0.049823,-0.594977,2.609534,0.434324,0.192153,-0.303892,0.868457,1.263584,-0.362456,0.168211,0.398715,0.159435,-0.514535,0.926928,-0.320772,-0.873086,1.695839,,,,0.370569,,,,,,,0.447998,,,,,,,0.277173,,,,,,,0.415835,,,,,,,0.289444,,,,,,,0.419741,,,,,,,0.310485,,,,,,,0.443826,,,,,,,0.311271,,,,,,,0.422954,,,
66,2.200000,852,480,30.000000,0.373362,0.338998,-0.364865,0.918985,-1.157618,-0.428081,3.010469,0.381197,0.381731,-0.413606,0.918336,-1.337896,-0.749794,2.530670,0.390265,0.383188,-0.412761,0.913292,-1.125595,-0.706691,2.532659,0.401097,0.384581,-0.411951,0.918170,-0.894398,-0.683228,2.537445,0.368541,0.372863,-0.437394,0.912818,-1.837016,-1.022062,3.336260,0.366611,0.367197,-0.436782,0.908132,-1.892348,-1.083836,3.338263,0.363766,0.360794,-0.436142,0.917970,-1.889798,-1.017588,3.340517,0.395654,0.299011,-0.333352,0.924901,-0.247647,-0.350583,1.805862,0.380396,0.288856,-0.368700,0.913906,-0.732211,-0.424332,2.900924,0.466619,0.183073,-0.345664,0.868853,0.968850,-0.272373,-1.253154,0.385250,0.107549,-0.426140,0.924735,-0.403943,-1.556591,2.651846,,,,0.370058,,,,,,,0.464669,,,,,,,0.281509,,,,,,,0.432460,,,,,,,0.293115,,,,,,,0.434825,,,,,,,0.314010,,,,,,,0.457361,,,,,,,0.313760,,,,,,,0.433589,,,
67,2.233333,852,480,30.000000,0.416443,0.340489,-0.313560,0.925510,1.292428,0.044753,1.539153,0.418471,0.386429,-0.334757,0.924501,1.118220,0.140948,2.365456,0.420080,0.386277,-0.333971,0.919364,0.894452,0.092693,2.363710,0.422095,0.386028,-0.333340,0.924020,0.629950,0.043411,2.358312,0.419518,0.382632,-0.359830,0.919812,1.529306,0.293073,2.326902,0.421469,0.378678,-0.359177,0.915147,1.645747,0.344438,2.328134,0.422679,0.372054,-0.358648,0.924113,1.767372,0.337809,2.324814,0.419286,0.296784,-0.252552,0.929106,0.708953,-0.066812,2.424008,0.419886,0.290521,-0.289980,0.918802,1.184721,0.049946,2.361596,0.445110,0.165503,-0.178596,0.867862,-0.645277,-0.527127,5.012059,0.398099,0.144657,-0.293840,0.925758,0.385463,1.113264,3.969005,,,,0.363972,,,,,,,0.478912,,,,,,,0.286257,,,,,,,0.445507,,,,,,,0.298640,,,,,,,0.445683,,,,,,,0.318226,,,,,,,0.466026,,,,,,,0.317787,,,,,,,0.441088,,,
68,2.266667,852,480,30.000000,0.521469,0.442925,-0.191327,0.932013,3.150774,3.073054,3.666987,0.510310,0.438839,-0.237423,0.930962,2.755170,1.572317,2.920023,0.492701,0.399308,-0.236653,0.926051,2.178632,0.390931,2.919535,0.493398,0.398682,-0.235926,0.930305,2.139093,0.379637,2.922428,0.503909,0.436003,-0.224999,0.926750,2.531716,1.601120,4.044946,0.500027,0.429177,-0.224358,0.922399,2.356743,1.514973,4.044579,0.497877,0.422471,-0.223740,0.930528,2.255961,1.512509,4.047242,0.510743,0.358768,-0.179807,0.933934,2.743732,1.859533,2.182342,0.506078,0.353660,-0.167996,0.924203,2.585751,1.894148,3.659530,0.484348,0.129533,-0.229056,0.861952,1.177163,-1.079097,-1.513812,0.401473,0.126081,-0.169570,0.921382,0.101227,-0.557294,3.728108,,,,0.362757,,,,,,,0.483573,,,,,,,0.297778,,,,,,,0.459381,,,,,,,0.310904,,,,,,,0.458437,,,,,,,0.329866,,,,,,,0.477621,,,,,,,0.329045,,,,,,,0.451891,,,
