composite_auc,composite_composite,composite_f1,composite_precision,composite_precision_aware,composite_recall,composite_threshold,f1_auc,f1_composite,f1_f1,f1_precision,f1_precision_aware,f1_recall,f1_threshold,precision_aware_auc,precision_aware_composite,precision_aware_f1,precision_aware_precision,precision_aware_precision_aware,precision_aware_recall,precision_aware_threshold,run,seed
0.6519687807621994,0.833739481059503,0.677819083023544,0.5126522961574508,0.5900656291382285,1.0,0.05,0.6519687807621994,0.7900128464845101,0.6874566874566874,0.5535714285714286,0.6134164766751604,0.906764168190128,0.45,0.6519687807621994,0.13640871377251634,0.01090909090909091,1.0,0.6336664834251672,0.005484460694698354,0.7,01,42
0.6042891295176487,0.6935226719866256,0.6444099378881988,0.5600539811066126,0.5942077978232957,0.7586837294332724,0.05,0.6042891295176487,0.6935226719866256,0.6444099378881988,0.5600539811066126,0.5942077978232957,0.7586837294332724,0.05,0.6042891295176487,0.640720341293598,0.6207482993197279,0.5802861685214626,0.5972253999601794,0.6672760511882998,0.18,02,42
0.6088313879904373,0.6828045983964888,0.6452648475120385,0.575107296137339,0.6028993799203685,0.7349177330895795,0.05,0.6088313879904373,0.6828045983964888,0.6452648475120385,0.575107296137339,0.6028993799203685,0.7349177330895795,0.05,0.6088313879904373,0.6755095334949974,0.6422764227642277,0.5783308931185944,0.603614650986653,0.7221206581352834,0.06,03,42
0.6084376318379975,0.6900073942687612,0.6451612903225806,0.5662983425414365,0.598385084735092,0.7495429616087751,0.05,0.6084376318379975,0.6900073942687612,0.6451612903225806,0.5662983425414365,0.598385084735092,0.7495429616087751,0.05,0.6084376318379975,0.6779155491186096,0.6414182111200645,0.5734870317002881,0.6008565055537629,0.7276051188299817,0.08,04,42
0.6348491773308957,0.7462009434339929,0.6686131386861314,0.5565006075334143,0.6058040808387257,0.8372943327239488,0.05,0.6348491773308957,0.7349397308605271,0.6706857573474001,0.5705128205128205,0.6134319729268094,0.8135283363802559,0.12,0.6348491773308957,0.6402968804698743,0.6294326241134752,0.6110154905335629,0.6213073679670031,0.6489945155393053,0.7,05,42
0.6059133736464632,0.6857837716214316,0.648,0.5761024182076814,0.6036338838331333,0.7404021937842779,0.05,0.6059133736464632,0.6857837716214316,0.648,0.5761024182076814,0.6036338838331333,0.7404021937842779,0.05,0.6059133736464632,0.6857837716214316,0.648,0.5761024182076814,0.6036338838331333,0.7404021937842779,0.05,06,42
0.6325973843341304,0.8191036133471813,0.6815571155073389,0.5235294117647059,0.5927513174013807,0.9762340036563071,0.05,0.6325973843341304,0.8075084874585476,0.6855636123928807,0.5360824742268041,0.6002297976980924,0.9506398537477148,0.08,0.6325973843341304,0.7514408824061717,0.6784400294334069,0.5677339901477833,0.6139184807707397,0.8427787934186471,0.21,07,42
0.6264906482913796,0.7648689426535092,0.6785206258890469,0.5552968568102444,0.6065027458301122,0.8720292504570384,0.05,0.6264906482913796,0.7648689426535092,0.6785206258890469,0.5552968568102444,0.6065027458301122,0.8720292504570384,0.05,0.6264906482913796,0.46283550429307235,0.4883177570093458,0.6763754045307443,0.6099811590264518,0.3820840950639854,0.91,08,42
0.6343903810997047,0.7168645490155443,0.6625386996904025,0.574496644295302,0.6128880082747127,0.7824497257769653,0.05,0.6343903810997047,0.7168645490155443,0.6625386996904025,0.574496644295302,0.6128880082747127,0.7824497257769653,0.05,0.6343903810997047,0.513567093602287,0.5363735070575462,0.660427807486631,0.6180040320805202,0.4515539305301645,0.94,09,42
0.6273238644353818,0.7489293494267452,0.6705370101596516,0.555956678700361,0.6046042152851523,0.8446069469835467,0.05,0.6273238644353818,0.7489293494267452,0.6705370101596516,0.555956678700361,0.6046042152851523,0.8446069469835467,0.05,0.6273238644353818,0.44484364172532775,0.4704463208685163,0.6914893617021277,0.6123433499986951,0.35648994515539306,0.81,10,42
0.6553930530164535,0.8345504022957891,0.6782393056416615,0.5131332082551595,0.591117006423369,1.0,0.39,0.6553930530164535,0.8164895130245439,0.6881155613919895,0.5368852459016393,0.6059559019717072,0.9579524680073126,0.45,0.6553930530164535,0.6586286075862665,0.6494201605709188,0.6341463414634146,0.6429778295062737,0.6654478976234004,0.49,11,42
0.6554703979749684,0.795457971856484,0.691085003455425,0.5555555555555556,0.6161973584093989,0.9140767824497258,0.05,0.6554703979749684,0.795457971856484,0.691085003455425,0.5555555555555556,0.6161973584093989,0.9140767824497258,0.05,0.6554703979749684,0.7066818869299936,0.6693877551020408,0.6047197640117994,0.6342702881315057,0.7495429616087751,0.21,12,42
0.6555213753339897,0.8130650677655873,0.6796621182586094,0.5272177419354839,0.5986117815121228,0.9561243144424132,0.05,0.6555213753339897,0.8089352988688525,0.6811308349769888,0.5318275154004107,0.6013572832601,0.946983546617916,0.07,0.6555213753339897,0.5846998846078808,0.5948616600790514,0.6473118279569893,0.633218687069008,0.5502742230347349,0.67,13,41
0.6494726480101252,0.7689695706401954,0.6829618979151689,0.5627962085308057,0.6161812032419786,0.8683729433272395,0.05,0.6494726480101252,0.7618928379577308,0.6837481698389458,0.5702075702075702,0.6201227656574939,0.8537477148080439,0.06,0.6494726480101252,0.5685093998104788,0.5814889336016097,0.6465324384787472,0.6276074289218816,0.5283363802559415,0.41,14,42
0.68373646463226,0.8193082232317634,0.6938502673796791,0.5468914646996839,0.6183481054901977,0.9488117001828154,0.05,0.68373646463226,0.7815146533847306,0.6958424507658644,0.5788834951456311,0.6349417757290269,0.8720292504570384,0.15,0.68373646463226,0.653696405376482,0.6506469500924215,0.6579439252336449,0.6609133405710009,0.643510054844607,0.51,15,43
0.6445928842638167,0.7640740232047175,0.685131195335277,0.5696969696969697,0.6193064203018313,0.8592321755027422,0.05,0.6445928842638167,0.7640740232047175,0.685131195335277,0.5696969696969697,0.6193064203018313,0.8592321755027422,0.05,0.6445928842638167,0.7055182112220503,0.6666666666666666,0.5979680696661829,0.6279026116858547,0.753199268738574,0.12,16,44
0.641622134720855,0.7849851995638252,0.6775956284153005,0.5408942202835333,0.6020502256105278,0.906764168190128,0.05,0.641622134720855,0.7669397821141497,0.6844765342960288,0.5656324582338902,0.6164836163499248,0.8665447897623401,0.09,0.641622134720855,0.6801997065870891,0.6543313708999159,0.6059190031152648,0.6275833397717782,0.7111517367458866,0.24,17,45
0.6739558430600479,0.8282806278025309,0.6784810126582278,0.5188770571151985,0.5977740009670771,0.979890310786106,0.05,0.6739558430600479,0.7953740884344175,0.7028571428571428,0.5767878077373975,0.6340422153378511,0.8994515539305301,0.36,0.6739558430600479,0.6832728473338917,0.6643478260869565,0.6334991708126037,0.6508451018443984,0.6983546617915904,0.67,18,46
0.6509562649416396,0.7078424125407672,0.6732186732186732,0.6097922848664689,0.6370529973871643,0.7513711151736746,0.05,0.6509562649416396,0.7078424125407672,0.6732186732186732,0.6097922848664689,0.6370529973871643,0.7513711151736746,0.05,0.6509562649416396,0.6925029269665812,0.6677908937605397,0.6197183098591549,0.6403876760460673,0.7239488117001828,0.06,19,47
0.6615314301785966,0.6598553731460496,0.6372294372294373,0.6052631578947368,0.6261066961519189,0.6727605118829981,0.05,0.6615314301785966,0.6598553731460496,0.6372294372294373,0.6052631578947368,0.6261066961519189,0.6727605118829981,0.05,0.6615314301785966,0.6202998746960464,0.6181139122315593,0.6316793893129771,0.6335801543616757,0.6051188299817185,0.08,20,48
0.6686155252425819,0.7976580479975172,0.6896551724137931,0.5537098560354374,0.617474584790373,0.9140767824497258,0.05,0.6686155252425819,0.790145798888837,0.6920366455250176,0.5630733944954128,0.6228707959537281,0.8976234003656307,0.07,0.6686155252425819,0.7026857309918023,0.6716791979949874,0.6184615384615385,0.6444576336777819,0.7349177330895795,0.26,21,49
0.6492406131345803,0.7592894308616429,0.6813186813186813,0.5684596577017115,0.6184735558733762,0.850091407678245,0.05,0.6492406131345803,0.7592894308616429,0.6813186813186813,0.5684596577017115,0.6184735558733762,0.850091407678245,0.05,0.6492406131345803,0.6953365458219521,0.6600985221674877,0.5991058122205664,0.6274305853874456,0.7349177330895795,0.12,22,50
